{"cameraMode":{"drawMode":0,"name":"Shaded","section":"Shading Mode"},"sceneLighting":true,"audioPlay":false,"sceneViewState":{"showFog":true,"showMaterialUpdate":true,"showSkybox":true,"showFlares":true,"showImageEffects":true,"showParticleSystems":true},"in2DMode":false,"pivot":{"x":77.26925659179688,"y":14.483169555664063,"z":6.886584758758545},"rotation":{"x":0.49499645829200747,"y":0.4065454602241516,"z":-0.28172367811203005,"w":0.7143746614456177},"size":22.0,"orthographic":false}