{"cameraMode":{"drawMode":0,"name":"Shaded","section":"Shading Mode"},"sceneLighting":true,"audioPlay":false,"sceneViewState":{"showFog":true,"showMaterialUpdate":true,"showSkybox":true,"showFlares":true,"showImageEffects":true,"showParticleSystems":true},"in2DMode":false,"pivot":{"x":-10.37544059753418,"y":0.28632354736328127,"z":2.1287803649902345},"rotation":{"x":0.2646031081676483,"y":0.5413804054260254,"z":-0.1845221221446991,"w":0.7764303684234619},"size":18.260250091552736,"orthographic":false}