{"cameraMode":{"drawMode":0,"name":"Shaded","section":"Shading Mode"},"sceneLighting":false,"audioPlay":false,"sceneViewState":{"showFog":true,"showMaterialUpdate":true,"showSkybox":false,"showFlares":true,"showImageEffects":true,"showParticleSystems":true},"in2DMode":false,"pivot":{"x":0.008131027221679688,"y":4.633082866668701,"z":1.642354965209961},"rotation":{"x":0.06816678494215012,"y":-0.5606712102890015,"z":-0.0463704839348793,"w":-0.8239241242408752},"size":38.49592971801758,"orthographic":false}