{"cameraMode":{"drawMode":0,"name":"Shaded","section":"Shading Mode"},"sceneLighting":true,"audioPlay":false,"sceneViewState":{"showFog":true,"showMaterialUpdate":true,"showSkybox":false,"showFlares":true,"showImageEffects":true,"showParticleSystems":true},"in2DMode":false,"pivot":{"x":-74.47960662841797,"y":-25.43678855895996,"z":-82.24756622314453},"rotation":{"x":-0.12892279028892518,"y":0.7404727339744568,"z":-0.14852240681648255,"w":-0.6426665186882019},"size":34.636192321777347,"orthographic":false}