{"cameraMode":{"drawMode":0,"name":"Shaded","section":"Shading Mode"},"sceneLighting":false,"audioPlay":false,"sceneViewState":{"showFog":true,"showMaterialUpdate":true,"showSkybox":false,"showFlares":true,"showImageEffects":true,"showParticleSystems":true},"in2DMode":false,"pivot":{"x":1.8386878967285157,"y":6.788839340209961,"z":3.0103955268859865},"rotation":{"x":0.0010132923489436508,"y":-0.9986296892166138,"z":-0.048007331788539889,"w":-0.020809629932045938},"size":18.439455032348634,"orthographic":false}