{"cameraMode":{"drawMode":0,"name":"Shaded","section":"Shading Mode"},"sceneLighting":false,"audioPlay":false,"sceneViewState":{"showFog":true,"showMaterialUpdate":true,"showSkybox":false,"showFlares":true,"showImageEffects":true,"showParticleSystems":true},"in2DMode":false,"pivot":{"x":0.008131027221679688,"y":4.633082866668701,"z":1.642354965209961},"rotation":{"x":0.2726817727088928,"y":-0.133756622672081,"z":0.03829933702945709,"w":0.951991081237793},"size":40.30987548828125,"orthographic":false}