{"cameraMode":{"drawMode":0,"name":"Shaded","section":"Shading Mode"},"sceneLighting":true,"audioPlay":false,"sceneViewState":{"showFog":true,"showMaterialUpdate":true,"showSkybox":true,"showFlares":true,"showImageEffects":true,"showParticleSystems":true},"in2DMode":false,"pivot":{"x":-5.973564147949219,"y":54.12202453613281,"z":-13.25262451171875},"rotation":{"x":0.18469136953353883,"y":0.814233660697937,"z":-0.411525160074234,"w":0.36545825004577639},"size":48.96065902709961,"orthographic":false}